module,source_path,test_path,set,specs,ref_line_branch_cov,ref_mutants,ref_killed,ref_mutation_score
between,src/validators/between.py,tests/test_between.py,reference,,92.6%,12,11,0.917
card,src/validators/card.py,tests/test_card.py,reference,,95.7%,49,47,0.959
country,src/validators/country.py,tests/test_country.py,main,wiki-ISO_3166-1.pdf;wiki-ISO_4217.pdf;wiki-country_calling_codes.pdf,89.7%,55,41,0.745
cron,src/validators/cron.py,tests/test_cron.py,main,wiki-Cron.pdf,89.5%,75,47,0.627
domain,src/validators/domain.py,tests/test_domain.py,main,rfc1034.pdf;rfc1035.pdf;rfc2782.pdf,87.5%,24,17,0.708
email,src/validators/email.py,tests/test_email.py,main,rfc5322.pdf;rfc5321.pdf,73.9%,25,15,0.600
encoding,src/validators/encoding.py,tests/test_encoding.py,reference,,100.0%,4,4,1.000
finance,src/validators/finance.py,tests/test_finance.py,main,wiki-ISIN.pdf;wiki-CUSIP.pdf;wiki-SEDOL.pdf,89.6%,118,74,0.627
hashes,src/validators/hashes.py,tests/test_hashes.py,reference,,100.0%,6,6,1.000
hostname,src/validators/hostname.py,tests/test_hostname.py,extra,rfc1123.pdf;rfc952.pdf,95.1%,24,21,0.875
iban,src/validators/iban.py,tests/test_iban.py,reference,,100.0%,14,14,1.000
ip_address,src/validators/ip_address.py,tests/test_ip_address.py,main,rfc791.pdf;rfc4291.pdf;rfc4632.pdf;rfc5952.pdf,84.0%,29,22,0.759
length,src/validators/length.py,tests/test_length.py,reference,,100.0%,11,9,0.818
mac_address,src/validators/mac_address.py,tests/test_mac_address.py,extra,wiki-MAC_address.pdf,100.0%,6,5,0.833
slug,src/validators/slug.py,tests/test_slug.py,reference,,100.0%,1,1,1.000
url,src/validators/url.py,tests/test_url.py,main,rfc3986.pdf,91.9%,58,35,0.603
uuid,src/validators/uuid.py,tests/test_uuid.py,main,rfc9562.pdf,88.9%,7,5,0.714
crypto_addresses/btc_address,src/validators/crypto_addresses/btc_address.py,tests/crypto_addresses/test_btc_address.py,reference,bip-0173.pdf;bip-0350.pdf;wiki-Base58.pdf,90.5%,20,16,0.800
crypto_addresses/trx_address,src/validators/crypto_addresses/trx_address.py,tests/crypto_addresses/test_trx_address.py,reference,wiki-Base58.pdf,75.8%,28,23,0.821
i18n/es,src/validators/i18n/es.py,tests/i18n/test_es.py,reference,,100.0%,58,52,0.897
i18n/fi,src/validators/i18n/fi.py,tests/i18n/test_fi.py,main,wiki-fi-Henkilotunnus.pdf;wiki-fi-Y-tunnus.pdf,100.0%,40,31,0.775
i18n/fr,src/validators/i18n/fr.py,tests/i18n/test_fr.py,main,wiki-INSEE_code.pdf;wiki-Departments_of_France.pdf;wiki-fr-NIR.pdf,96.5%,50,39,0.780
i18n/ind,src/validators/i18n/ind.py,tests/i18n/test_ind.py,reference,,100.0%,2,2,1.000
i18n/ru,src/validators/i18n/ru.py,tests/i18n/test_ru.py,reference,wiki-ru-INN.pdf,76.9%,80,64,0.800
