module,set,suite,split,mutants,killed,score,ref_mutants,ref_killed,ref_match
between,reference,human,all,12,11,0.917,12,11,yes
card,reference,human,all,49,47,0.959,49,47,yes
country,main,human,all,55,41,0.745,55,41,yes
cron,main,human,all,75,47,0.627,75,47,yes
domain,main,human,all,24,17,0.708,24,17,yes
email,main,human,all,25,15,0.6,25,15,yes
encoding,reference,human,all,4,4,1.0,4,4,yes
finance,main,human,all,118,74,0.627,118,74,yes
hashes,reference,human,all,6,6,1.0,6,6,yes
hostname,extra,human,all,24,21,0.875,24,21,yes
iban,reference,human,all,14,14,1.0,14,14,yes
ip_address,main,human,all,29,22,0.759,29,22,yes
length,reference,human,all,11,9,0.818,11,9,yes
mac_address,extra,human,all,6,5,0.833,6,5,yes
slug,reference,human,all,1,1,1.0,1,1,yes
url,main,human,all,58,35,0.603,58,35,yes
uuid,main,human,all,7,5,0.714,7,5,yes
crypto_addresses/btc_address,reference,human,all,20,16,0.8,20,16,yes
crypto_addresses/trx_address,reference,human,all,28,23,0.821,28,23,yes
i18n/es,reference,human,all,58,52,0.897,58,52,yes
i18n/fi,main,human,all,40,31,0.775,40,31,yes
i18n/fr,main,human,all,50,39,0.78,50,39,yes
i18n/ind,reference,human,all,2,2,1.0,2,2,yes
i18n/ru,reference,human,all,80,64,0.8,80,64,yes
