module,set,suite,split,mutants,killed,score,ci_low,ci_high,adjusted_score,falsy_preserving,tests_kept,suspected_bugs,minutes,bobcoins
between,reference,human,B,,,,,,,,,,,
between,reference,human,C,,,,,,,,,,,
between,reference,human+b1,B,,,,,,,,,,,
between,reference,human+b1,C,,,,,,,,,,,
between,reference,human+mh,B,,,,,,,,,,,
between,reference,human+mh,C,,,,,,,,,,,
card,reference,human,B,,,,,,,,,,,
card,reference,human,C,,,,,,,,,,,
card,reference,human+b1,B,,,,,,,,,,,
card,reference,human+b1,C,,,,,,,,,,,
card,reference,human+mh,B,,,,,,,,,,,
card,reference,human+mh,C,,,,,,,,,,,
country,main,human,B,,,,,,,,,,,
country,main,human,C,,,,,,,,,,,
country,main,human+b1,B,,,,,,,,,,,
country,main,human+b1,C,,,,,,,,,,,
country,main,human+mh,B,,,,,,,,,,,
country,main,human+mh,C,,,,,,,,,,,
cron,main,human,B,44,29,0.659,0.5114,0.7812,0.744,5,207,0,11.1,6.54
cron,main,human,C,34,29,0.853,0.6987,0.9355,0.853,0,207,0,11.1,6.54
cron,main,human+b1,B,44,37,0.841,0.7063,0.9207,0.949,5,207,0,11.1,6.54
cron,main,human+b1,C,34,32,0.941,0.8091,0.9837,0.941,0,207,0,11.1,6.54
cron,main,human+mh,B,44,36,0.818,0.6804,0.9049,0.923,5,207,0,11.1,6.54
cron,main,human+mh,C,34,32,0.941,0.8091,0.9837,0.941,0,207,0,11.1,6.54
crypto_addresses/btc_address,reference,human,B,,,,,,,,,,,
crypto_addresses/btc_address,reference,human,C,,,,,,,,,,,
crypto_addresses/btc_address,reference,human+b1,B,,,,,,,,,,,
crypto_addresses/btc_address,reference,human+b1,C,,,,,,,,,,,
crypto_addresses/btc_address,reference,human+mh,B,,,,,,,,,,,
crypto_addresses/btc_address,reference,human+mh,C,,,,,,,,,,,
crypto_addresses/trx_address,reference,human,B,,,,,,,,,,,
crypto_addresses/trx_address,reference,human,C,,,,,,,,,,,
crypto_addresses/trx_address,reference,human+b1,B,,,,,,,,,,,
crypto_addresses/trx_address,reference,human+b1,C,,,,,,,,,,,
crypto_addresses/trx_address,reference,human+mh,B,,,,,,,,,,,
crypto_addresses/trx_address,reference,human+mh,C,,,,,,,,,,,
domain,main,human,B,,,,,,,,,,,
domain,main,human,C,,,,,,,,,,,
domain,main,human+b1,B,,,,,,,,,,,
domain,main,human+b1,C,,,,,,,,,,,
domain,main,human+mh,B,,,,,,,,,,,
domain,main,human+mh,C,,,,,,,,,,,
email,main,human,B,14,6,0.429,0.2138,0.6741,0.5,2,132,4,8.5,7.9
email,main,human,C,26,16,0.615,0.4253,0.7757,0.615,0,132,4,8.5,7.9
email,main,human+b1,B,14,10,0.714,0.4535,0.8828,0.833,2,132,4,8.5,7.9
email,main,human+b1,C,26,23,0.885,0.7102,0.96,0.885,0,132,4,8.5,7.9
email,main,human+mh,B,14,10,0.714,0.4535,0.8828,0.833,2,132,4,8.5,7.9
email,main,human+mh,C,26,22,0.846,0.6647,0.9385,0.846,0,132,4,8.5,7.9
encoding,reference,human,B,,,,,,,,,,,
encoding,reference,human,C,,,,,,,,,,,
encoding,reference,human+b1,B,,,,,,,,,,,
encoding,reference,human+b1,C,,,,,,,,,,,
encoding,reference,human+mh,B,,,,,,,,,,,
encoding,reference,human+mh,C,,,,,,,,,,,
finance,main,human,B,57,32,0.561,0.4328,0.6823,0.582,2,120,4,9.8,5.61
finance,main,human,C,36,21,0.583,0.422,0.7286,0.583,0,120,4,9.8,5.61
finance,main,human+b1,B,57,44,0.772,0.6479,0.8616,0.8,2,120,4,9.8,5.61
finance,main,human+b1,C,36,26,0.722,0.5601,0.8415,0.722,0,120,4,9.8,5.61
finance,main,human+mh,B,57,44,0.772,0.6479,0.8616,0.8,2,120,4,9.8,5.61
finance,main,human+mh,C,36,28,0.778,0.6191,0.8828,0.778,0,120,4,9.8,5.61
hashes,reference,human,B,,,,,,,,,,,
hashes,reference,human,C,,,,,,,,,,,
hashes,reference,human+b1,B,,,,,,,,,,,
hashes,reference,human+b1,C,,,,,,,,,,,
hashes,reference,human+mh,B,,,,,,,,,,,
hashes,reference,human+mh,C,,,,,,,,,,,
hostname,extra,human,B,18,16,0.889,0.672,0.969,0.941,1,166,1,5.0,3.84
hostname,extra,human,C,28,12,0.429,0.2651,0.6093,0.429,0,166,1,5.0,3.84
hostname,extra,human+b1,B,18,16,0.889,0.672,0.969,0.941,1,166,1,5.0,3.84
hostname,extra,human+b1,C,28,20,0.714,0.5294,0.8475,0.714,0,166,1,5.0,3.84
hostname,extra,human+mh,B,18,16,0.889,0.672,0.969,0.941,1,166,1,5.0,3.84
hostname,extra,human+mh,C,28,21,0.75,0.5664,0.8732,0.75,0,166,1,5.0,3.84
i18n/es,reference,human,B,,,,,,,,,,,
i18n/es,reference,human,C,,,,,,,,,,,
i18n/es,reference,human+b1,B,,,,,,,,,,,
i18n/es,reference,human+b1,C,,,,,,,,,,,
i18n/es,reference,human+mh,B,,,,,,,,,,,
i18n/es,reference,human+mh,C,,,,,,,,,,,
i18n/fi,main,human,B,,,,,,,,,,,
i18n/fi,main,human,C,,,,,,,,,,,
i18n/fi,main,human+b1,B,,,,,,,,,,,
i18n/fi,main,human+b1,C,,,,,,,,,,,
i18n/fi,main,human+mh,B,,,,,,,,,,,
i18n/fi,main,human+mh,C,,,,,,,,,,,
i18n/fr,main,human,B,,,,,,,,,,,
i18n/fr,main,human,C,,,,,,,,,,,
i18n/fr,main,human+b1,B,,,,,,,,,,,
i18n/fr,main,human+b1,C,,,,,,,,,,,
i18n/fr,main,human+mh,B,,,,,,,,,,,
i18n/fr,main,human+mh,C,,,,,,,,,,,
i18n/ind,reference,human,B,,,,,,,,,,,
i18n/ind,reference,human,C,,,,,,,,,,,
i18n/ind,reference,human+b1,B,,,,,,,,,,,
i18n/ind,reference,human+b1,C,,,,,,,,,,,
i18n/ind,reference,human+mh,B,,,,,,,,,,,
i18n/ind,reference,human+mh,C,,,,,,,,,,,
i18n/ru,reference,human,B,,,,,,,,,,,
i18n/ru,reference,human,C,,,,,,,,,,,
i18n/ru,reference,human+b1,B,,,,,,,,,,,
i18n/ru,reference,human+b1,C,,,,,,,,,,,
i18n/ru,reference,human+mh,B,,,,,,,,,,,
i18n/ru,reference,human+mh,C,,,,,,,,,,,
iban,reference,human,B,,,,,,,,,,,
iban,reference,human,C,,,,,,,,,,,
iban,reference,human+b1,B,,,,,,,,,,,
iban,reference,human+b1,C,,,,,,,,,,,
iban,reference,human+mh,B,,,,,,,,,,,
iban,reference,human+mh,C,,,,,,,,,,,
ip_address,main,human,B,,,,,,,,,,,
ip_address,main,human,C,,,,,,,,,,,
ip_address,main,human+b1,B,,,,,,,,,,,
ip_address,main,human+b1,C,,,,,,,,,,,
ip_address,main,human+mh,B,,,,,,,,,,,
ip_address,main,human+mh,C,,,,,,,,,,,
length,reference,human,B,,,,,,,,,,,
length,reference,human,C,,,,,,,,,,,
length,reference,human+b1,B,,,,,,,,,,,
length,reference,human+b1,C,,,,,,,,,,,
length,reference,human+mh,B,,,,,,,,,,,
length,reference,human+mh,C,,,,,,,,,,,
mac_address,extra,human,B,1,1,1.0,0.2065,1.0,1.0,0,83,1,4.5,2.54
mac_address,extra,human,C,5,2,0.4,0.1176,0.7693,0.4,0,83,1,4.5,2.54
mac_address,extra,human+b1,B,1,1,1.0,0.2065,1.0,1.0,0,83,1,4.5,2.54
mac_address,extra,human+b1,C,5,5,1.0,0.5655,1.0,1.0,0,83,1,4.5,2.54
mac_address,extra,human+mh,B,1,1,1.0,0.2065,1.0,1.0,0,83,1,4.5,2.54
mac_address,extra,human+mh,C,5,5,1.0,0.5655,1.0,1.0,0,83,1,4.5,2.54
slug,reference,human,B,,,,,,,,,,,
slug,reference,human,C,,,,,,,,,,,
slug,reference,human+b1,B,,,,,,,,,,,
slug,reference,human+b1,C,,,,,,,,,,,
slug,reference,human+mh,B,,,,,,,,,,,
slug,reference,human+mh,C,,,,,,,,,,,
url,main,human,B,26,18,0.692,0.5001,0.835,0.72,1,234,3,13.2,11.07
url,main,human,C,50,30,0.6,0.4618,0.7239,0.6,0,234,3,13.2,11.07
url,main,human+b1,B,26,18,0.692,0.5001,0.835,0.72,1,234,3,13.2,11.07
url,main,human+b1,C,50,31,0.62,0.4815,0.7414,0.62,0,234,3,13.2,11.07
url,main,human+mh,B,26,20,0.769,0.5795,0.8897,0.8,1,234,3,13.2,11.07
url,main,human+mh,C,50,38,0.76,0.6259,0.857,0.76,0,234,3,13.2,11.07
uuid,main,human,B,,,,,,,,,,,
uuid,main,human,C,,,,,,,,,,,
uuid,main,human+b1,B,,,,,,,,,,,
uuid,main,human+b1,C,,,,,,,,,,,
uuid,main,human+mh,B,,,,,,,,,,,
uuid,main,human+mh,C,,,,,,,,,,,
